Year,Forecast Gas (TWh)
2024,8946.483633126785
2025,9028.295266059771
2026,9110.106898992757
2027,9191.918531925743
2028,9273.730164858729
